accession,attribute1,attribute2,attribute3,attribute4,attribute5,attribute6,attribute7,attribute7_link,attribute8,color
1,ACHD,Any request that looks vaguely reasonable (inpatient),Inpatient - Priority,-,-,-,(BHI local policy - reference required),-,-,var(--inpatient-priority)
2,ACHD,Any request that looks vaguely reasonable (outpatient),Outpatient,(as requested),-,-,(BHI local policy - reference required),-,-,var(--outpatient)
3,ACHD,Any request that looks vaguely reasonable (upcoming cardiac surgery),Specific slots,ACHD DOSA (Tues Thurs),-,-,(BHI local policy - reference required),-,-,var(--specific)
4,Aortic Regurgitation,Mild AR - Normal valve,Not Indicated,-,-,-,2024 BSE Poster - Valve Disease,-,-,var(--reject)
5,Aortic Regurgitation,Mild AR - BAV,Outpatient,3 years,1,1,2024 BSE Poster - Valve Disease,-,-,var(--outpatient)
6,Aortic Regurgitation,Mod AR - asymptomatic any valve morphology,Outpatient,12-24 months,1,1,2024 BSE Poster - Valve Disease,-,-,var(--outpatient)
7,Aortic Regurgitation,Sev AR - asymptomatic any valve morphology,Outpatient,6-12 months,1,1,2024 BSE Poster - Valve Disease,-,-,var(--outpatient)
8,Aortic Regurgitation,Any AR - Symptoms (syncope chest pain breathlesness pnd oedema etc),Escalate,Cardiology Review,-,-,2024 BSE Poster - Valve Disease,-,-,var(--escalate)
9,Aortic Regurgitation,Any AR - LV dilatation and/or reducing EF,Escalate,Cardiology Review,-,-,2024 BSE Poster - Valve Disease,-,-,var(--escalate)
10,Aortic Stenosis,Mild AS - Trileaflet AV,CDC,3 years,8,1,2024 BSE Poster - Valve Disease,-,-,var(--cdc)
11,Aortic Stenosis,Mild AS - BAV,Outpatient,2 years,1,1,2024 BSE Poster - Valve Disease,-,-,var(--outpatient)
12,Aortic Stenosis,Mod AS - asymptomatic any valve morphology,Outpatient,12-24 months,1,1,2024 BSE Poster - Valve Disease,-,-,var(--outpatient)
13,Aortic Stenosis,Sev AS - asymptomatic any valve morphology,Outpatient,6 months,1,1,2024 BSE Poster - Valve Disease,-,-,var(--outpatient)
14,Aortic Stenosis,Any AS - Symptoms (syncope chest pain breathlesness pnd oedema etc),Escalate,Cardiology Review,-,-,2024 BSE Poster - Valve Disease,-,-,var(--escalate)
15,Aortic Stenosis,Any AS - New LVSD (EF<55%) without other cause or reducing EF on sequential scans,Escalate,Cardiology Review,-,-,2024 BSE Poster - Valve Disease,-,-,var(--escalate)
16,Aortic Stenosis,Any AS - Sclerotic aortic valve only no stenosis (trileaflet morphology),Not Indicated,-,-,-,(BHI local policy - reference required),-,-,var(--reject)
17,Aortic Valve Replacement,TAVI - post-procedure - baseline (pre-discharge),Inpatient - Priority,-,-,-,2024 BSE Poster - Valve Disease,-,-,var(--inpatient-priority)
18,Aortic Valve Replacement,TAVI - post-procedure - first follow-up (post-discharge),Outpatient,6-8 weeks,-,-,2024 BSE Poster - Valve Disease,-,-,var(--outpatient)
19,Aortic Valve Replacement,TAVI - routine surveillance (depending on stability of parameters),CDC,12-24 months,8,1,2024 BSE Poster - Valve Disease,-,-,var(--cdc)
20,Aortic Valve Replacement,Tissue AVR - post-op baseline (post-discharge),Outpatient,6-8 weeks,1,1,2024 BSE Poster - Valve Disease,-,-,var(--outpatient)
21,Aortic Valve Replacement,Tissue AVR - new/unproven valve type,Outpatient,12 months,1,1,2024 BSE Poster - Valve Disease,-,-,var(--outpatient)
22,Aortic Valve Replacement,Tissue AVR - proven valve type Age >60yrs,CDC,12 months (after 10 years),8,1,2024 BSE Poster - Valve Disease,-,-,var(--cdc)
23,Aortic Valve Replacement,Tissue AVR - proven valve type Age <60yrs,CDC,12 months (after 5 years),8,1,2024 BSE Poster - Valve Disease,-,-,var(--cdc)
24,Aortic Valve Replacement,Mechanical AVR - post-op baseline (post-discharge),Outpatient,6-8 weeks,1,1,2024 BSE Poster - Valve Disease,-,-,var(--outpatient)
25,Aortic Valve Replacement,Mechanical AVR - surveillance (not routinely required),Not Indicated,-,-,-,2024 BSE Poster - Valve Disease,-,-,var(--reject)
26,Aortic Valve Replacement,Any AVR/TAVI - Symptoms (syncope chest pain breathlesness pnd oedema etc),Escalate,Cardiology Review,-,-,2024 BSE Poster - Valve Disease,-,-,var(--escalate)
27,Aortic Valve Replacement,Any AVR/TAVI - LV dilatation and/or reducing EF,Escalate,Cardiology Review,-,-,2024 BSE Poster - Valve Disease,-,-,var(--escalate)
28,Aortic Valve Replacement,Any AVR/TAVI - New LVSD (EF<55%) without other cause or reducing EF on sequential scans,Escalate,Cardiology Review,-,-,2024 BSE Poster - Valve Disease,-,-,var(--escalate)
29,Aortopathy,Screening suspected or proven genetic condition linked to aortopathy (Marfan Loeys-Dietz Ehlers Danlos etc),CDC,Routine,8,1,2024 BSE Poster - Outpatient Triage,-,-,var(--cdc)
30,Aortopathy,Aorta 40-44mm growth <3mm/year (no heritable aortopathy),CDC,2-3 years,8,1,2024 ESC Aorta Guidelines,-,-,var(--cdc)
31,Aortopathy,Aorta 40-44mm growth >3mm/year (no heritable aortopathy),CDC,12 months,8,1,2024 ESC Aorta Guidelines,-,-,var(--cdc)
32,Aortopathy,Aorta 45-49mm growth <3mm/year (no heritable aortopathy),CDC,12 months,8,1,2024 ESC Aorta Guidelines,-,-,var(--cdc)
33,Aortopathy,Aorta 45-49mm growth >3mm/year (no heritable aortopathy),CDC,6 months,8,1,2024 ESC Aorta Guidelines,-,-,var(--cdc)
34,Aortopathy,Aorta 50-55mm (no heritable aortopathy),Escalate,6 months,1,1,2024 ESC Aorta Guidelines,-,-,var(--escalate)
35,Aortopathy,Aorta 55mm or more (no heritable aortopathy),Escalate,Surgical Review,-,-,2024 ESC Aorta Guidelines,-,-,var(--escalate)
36,Aortopathy,Marfan: Aorta <45mm no additional risk factors,CDC,12 months,8,1,2024 ESC Aorta Guidelines,-,-,var(--cdc)
37,Aortopathy,Marfan: Aorta <45mm with additional risk factors,CDC,6 months,8,1,2024 ESC Aorta Guidelines,-,-,var(--cdc)
38,Aortopathy,Marfan: Aorta 45mm or more no additional risk factors,Outpatient,6-12 months,1,1,2024 ESC Aorta Guidelines,-,-,var(--outpatient)
39,Aortopathy,Marfan: Aorta 45mm or more with additional risk factors,Escalate,Surgical Review,-,-,2024 ESC Aorta Guidelines,-,-,var(--escalate)
40,Aortopathy,Marfan: Aorta 50mm or more no additional risk factors,Escalate,Surgical Review,-,-,2024 ESC Aorta Guidelines,-,-,var(--escalate)
41,Aortopathy,Loeys-Dietz: regardless of aorta size,Outpatient,6-12 months,1,1,2024 ESC Aorta Guidelines,-,-,var(--outpatient)
47,Arrhythmia,VT or VF - no previous echo (inc. calculation of sudden cardiac death risk post-MI),Inpatient - Priority,-,-,-,2024 BSE Poster - Outpatient Triage,-,-,var(--inpatient-priority)
42,Arrhythmia,Rhythm suspicious for structural heart disease (LBBB SVT Bigeminy etc),CDC,Routine,8,1,2024 BSE Poster - Outpatient Triage,-,-,var(--cdc)
43,Arrhythmia,VE burden >10% (or lower when strong clinical suspicion of structural heart disease),CDC,Routine,8,1,2024 BSE Poster - Outpatient Triage,-,-,var(--cdc)
44,Arrhythmia,To guide certain anti-arrhythmic medication decisions (e.g. flecainide),CDC,Routine,8,1,2024 BSE Poster - Outpatient Triage,-,-,var(--cdc)
45,Arrhythmia,AF or Flutter - no previous echo (echo findings will change management),CDC,Routine,8,1,2024 BSE Poster - Outpatient Triage,-,-,var(--cdc)
46,Arrhythmia,AF with previous echo - new heart failure symptoms,(see Heart Failure),-,-,-,BHI Inpatient Guidance Document,-,-,var(--none)
48,Arrhythmia,AF with previous echo - no clinical change (or known severe LVSD),Not Indicated,-,-,-,2024 BSE Poster - Outpatient Triage,-,-,var(--reject)
49,Arrhythmia,Low burden or isolated ventricular ectopy no otherclinical suspicion of structural heart disease,Not Indicated,  ,-,-,2024 BSE Poster - Outpatient Triage,-,-,var(--reject)
50,Arrhythmia,Palpitations with no significant ECG /tape evidence (and no other findings that warrant echo in their own right),Not Indicated,-,-,-,2024 BSE Poster - Outpatient Triage,-,-,var(--reject)
51,Cardiac Arrest,Exertional VT/VF murmur or 1st degree relative with heritable cardiomyopathy,Inpatient - Priority,-,-,-,2024 BSE Poster - Inpatients,-,-,var(--inpatient-priority)
52,Cardiac Mass,Routine surveillance following surgical removal of cardiac mass,Outpatient,12 months (may vary),1,1,2024 BSE Poster - Outpatient Triage,-,-,var(--outpatient)
53,Cardiac Mass,Cross-sectional imaging or other clinical findings highly suggestive of cardiac mass,Outpatient,Routine,5,5,2024 BSE Poster - Outpatient Triage,-,-,var(--outpatient)
54,Cardiac Mass,Other malignancy with known risk of cardiac involvement (e.g. renal cell carcinoma),Outpatient,Routine,1,1,2024 BSE Poster - Outpatient Triage,-,-,var(--outpatient)
55,Cardiac Mass,Post-op following removal of cardiac mass (pre-discharge),Inpatient - Priority,-,-,-,(BHI local policy - reference required),-,-,var(--inpatient-priority)
56,Cardiomyopathy (Known),To guide specified treatment decisions (e.g. Mavacamtem septal ablation pacemaker etc),Outpatient,(as requested),-,-,2024 BSE Poster - Outpatient Triage,-,-,var(--outpatient)
57,Cardiomyopathy (Known),Established genetic or infiltrative cause of LVH - change in clinical status and/or last echo >12 months ago,Outpatient,Routine,1,1,2024 BSE Poster - Outpatient Triage,-,-,var(--outpatient)
58,Cardiomyopathy (Known),Significant change / progression (e.g. new NYHA Class III or IV symptoms) since last echo,Outpatient,Urgent (<2 weeks),5,5,2024 BSE Poster - Outpatient Triage,-,-,var(--outpatient)
59,Cardiomyopathy (Known),Request primarily for assessment of LV mass (Cardiac MRI much more appropriate),Not Indicated,-,-,-,2024 BSE Poster - Outpatient Triage,-,-,var(--reject)
60,Cardiomyopathy (Suspected),Screening for inherited cardiomyopathy - family history in first degree relative no other positive findings,CDC,Routine,8,1,2024 BSE Poster - Outpatient Triage,-,-,var(--cdc)
61,Cardiomyopathy (Suspected),Suspected inherited cardiomyopathy - abnormal examination ECG and/or or other positive findings,Outpatient,Routine,1,1,(BHI local policy - reference required),-,-,var(--outpatient)
62,Cardiomyopathy (Suspected),Neuromuscular diseases with cardiac involvement (e.g. muscular dystrophies Friedreich’s ataxia mitochondrial myopathies),Outpatient,Routine,1,1,2024 BSE Poster - Outpatient Triage,-,-,var(--outpatient)
63,Cardiomyopathy (Suspected),Established genetic or infiltrative cause of LVH - no change in clinical status and/or echo <12 months ago,Not Indicated,-,-,-,2024 BSE Poster - Outpatient Triage,-,-,var(--reject)
64,Chest Pain,Suspected acute aortic dissection,Emergency,Emergency (Cardio Reg),-,-,2024 BSE Poster - Inpatients,-,-,var(--emergency)
65,Chest Pain,Crescendo anigina (exertional increasing frequency and/or severity),Escalate,Cardiology Review,-,-,(BHI local policy - reference required),-,-,var(--escalate)
66,Chest Pain,Confirmed STEMI (full-thickness infarct) - ECG changes and/or troponin rise (ideally 12hr post-PPCI),Inpatient - Priority,-,-,-,(BHI local policy - reference required),-,-,var(--inpatient-priority)
67,Chest Pain,Confirmed NSTEMI (partial thickness infarct) - ECG changes and/or troponin rise,Inpatient - Routine,-,-,-,(BHI local policy - reference required),-,-,var(--inpatient-routine)
68,Chest Pain,Typical angina (exertional with classic character/location) -  CTCA also requested,CDC,Routine,8,1,BHI SOP - Chest Pain Clinic Referral and Assessment,-,-,var(--cdc)
69,Chest Pain,Typical angina (exertional with classic character/location) -  CTCA not requested,Not Indicated,-,-,-,BHI SOP - Chest Pain Clinic Referral and Assessment,-,-,var(--reject)
70,Chest Pain,Atypical angina (exertional but non-classic character/location) - no ECG changes no troponin rise,Not Indicated,-,-,-,BHI SOP - Chest Pain Clinic Referral and Assessment,-,-,var(--reject)
71,Chest Pain,Non-anginal pain (non-exertional and/or intermittent) - no ECG changes no troponin rise,Not Indicated,-,-,-,BHI SOP - Chest Pain Clinic Referral and Assessment,-,-,var(--reject)
72,ECMO,Assessment of ECMO cannula position,Inpatient - Priority,(normally ICU team),-,-,(BHI local policy - reference required),-,-,var(--inpatient-priority)
73,Embolism - Major Vessel,Acute interruption of blood flow to a major peripheral or visceral artery,Outpatient,Routine,1,1,2024 BSE Poster - Outpatient Triage,-,-,var(--outpatient)
74,Embolism - Stroke / TIA,Age <55 - clinical suspicion of PFO (in addition - likley to require bubble sttudy with agitated saline contrast),Outpatient,Routine,1,1,2024 BSE Poster - Outpatient Triage,-,-,var(--outpatient)
75,Embolism - Stroke / TIA,Young age no other risk factors for stroke (high suspicion of cardiac embolic source),Outpatient,Routine,1,1,2024 BSE Poster - Outpatient Triage,-,-,var(--outpatient)
76,Embolism - Stroke / TIA,Old age and/or clear risk factors for stroke (low suspicion of cardiac embolic source),Not Indicated,-,-,-,(BHI local policy - reference required),-,-,var(--reject)
77,Fluid balance,Suspected cardiogenic shock despite euvolaemia/hypervolaemia,Escalate,Emergency (Cardio Reg),-,-,2024 BSE Poster - Inpatients,-,-,var(--emergency)
78,Fluid balance,Fluid balance assessment: dialysis planning or anuric state with suspected structural heart disease,Inpatient - Priority,-,-,-,2024 BSE Poster - Inpatients,-,-,var(--inpatient-priority)
79,Fluid balance,Fluid balance assessment: prior to comprehensive clinical assessment and initial management,Not Indicated,-,-,-,2024 BSE Poster - Inpatients,-,-,var(--reject)
80,Heart Failure (Known),Inpatient: Significant change in symptoms no echo in 12 months (BNP not required),Inpatient - Priority,-,-,-,(BHI local policy - reference required),-,-,var(--inpatient-priority)
81,Heart Failure (Known),Outpatient: Significant change in symptoms (e.g. new NYHA Class III or IV) no echo in 12 months (BNP not required),Outpatient,Urgent (<2 weeks),5,5,2024 BSE Poster - Outpatient Triage,-,-,var(--outpatient)
82,Heart Failure (Known),To guide specified  treatment decisions (e.g. CRT-D PCI cardioversion),Outpatient,Routine,1,1,2024 BSE Poster - Outpatient Triage,-,-,var(--outpatient)
83,Heart Failure (Known),Assess sesponse to change in treatment (BNP not needed),Outpatient,3-4 months,1,1,(BHI local policy - reference required),-,-,var(--outpatient)
84,Heart Failure (Known),Routine repeat assessment in clinically stable patients,Not Indicated,-,-,-,2024 BSE Poster - Outpatient Triage,-,-,var(--reject)
85,Heart Failure (Suspected),Inpatient: Clinical signs + BNP >2000,Inpatient - Priority,-,-,-,(BHI local policy - reference required),-,-,var(--inpatient-priority)
86,Heart Failure (Suspected),Inpatient: Clinical signs + BNP 400-2000,Inpatient - Routine,-,-,-,(BHI local policy - reference required),-,-,var(--inpatient-routine)
87,Heart Failure (Suspected),Outpatient: Clinical signs + BNP 400-2000,CDC,Soon (2-6 weeks),8,3,2024 BSE Poster - Outpatient Triage,-,-,var(--cdc)
88,Heart Failure (Suspected),Outpatient: Clinical signs + BNP >2000 (or NYHA Class III or IV symptoms),Outpatient,Urgent (<2 weeks),5,5,2024 BSE Poster - Outpatient Triage,-,-,var(--outpatient)
89,Heart Failure (Suspected),Clinical signs but BNP <400 (and no other cardiac findings to warrant echo for other reason),Not Indicated,-,-,-,2024 BSE Poster - Outpatient Triage,-,-,var(--reject)
90,Heart Failure (Suspected),Peripheral oedema only no other cardiac findings BNP not provided,Not Indicated,-,-,-,(BHI local policy - reference required),-,-,var(--reject)
91,Heart Failure (Suspected),Enlarged heart on chest x-ray no other cardiac findings BNP not provided,Not Indicated,-,-,-,(BHI local policy - reference required),-,-,var(--reject)
92,Heart Failure (Suspected),AF with uncontrolled ventricular rate (>120bpm),Not Indicated,(Rate control required),-,-,2024 BSE Poster - Outpatient Triage,-,-,var(--reject)
93,Hypertension,Elevated BP (>200/120mmHg) - with additional findings to suggest structural disease,Inpatient - Priority,-,-,-,(BHI local policy - reference required),-,-,var(--inpatient-priority)
94,Hypertension,Elevated BP (>180/120mmHg) - with other findings to suggest LV systolic dysfunction (consider admission),Outpatient,Urgent (<2 weeks),5,5,2024 BSE Poster - Outpatient Triage,-,-,var(--outpatient)
95,Hypertension,Elevated BP (<180/120mmHg) - but other findings to suggest end organ damage,CDC,Routine,8,1,2024 BSE Poster - Outpatient Triage,-,-,var(--cdc)
96,Hypertension,Elevated BP with otherwise normal cardiac examination and findings (ECG showing LVH only is not enough),Not Indicated,-,-,-,(BHI local policy - reference required),-,-,var(--reject)
97,Hypertension,Routine or repeat assessment - asymptomatic and no other concerning findings,Not Indicated,-,-,-,2024 BSE Poster - Outpatient Triage,-,-,var(--reject)
98,Infective Endocarditis (Known),Clinical suspicion of high-risk complications (fistula root abscess acute cardiac failure etc),Inpatient - Priority,-,-,-,2024 BSE Poster - Inpatients,-,-,var(--inpatient-priority)
99,Infective Endocarditis (Known),Re-assesment for response to treatment (after >1 week of antibiotics),Inpatient - Routine,-,-,-,(BHI local policy - reference required),-,-,var(--inpatient-routine)
100,Infective Endocarditis (Known),Repeat assessment in clinically stable patient with known vegetations,Not Indicated,-,-,-,2024 BSE Poster - Inpatients,-,-,var(--reject)
101,Infective Endocarditis (Suspected),1x major Duke criteria (Blood cultures) + 1x minor (fevers emobilc phenomena predisposition/IVDU),Inpatient - Priority,-,-,-,2024 BSE Poster - Inpatients,-,-,var(--inpatient-priority)
102,Infective Endocarditis (Suspected),3x minor Duke criteria (fevers emobilic phenomena predisposition/IVDU),Inpatient - Routine,-,-,-,2024 BSE Poster - Inpatients,-,-,var(--inpatient-routine)
103,Infective Endocarditis (Suspected),Inadequate Duke criteria (but with microbiology advice for TTE),Inpatient - Routine,-,-,-,(BHI local policy - reference required),-,-,var(--inpatient-routine)
104,Infective Endocarditis (Suspected),Inadequate Duke criteria (and no microbiology advice for TTE),Not Indicated,-,-,-,(BHI local policy - reference required),-,-,var(--reject)
105,LV Thrombus,Suspected thrombus identified on standard TTE (contrast for LV opacification likely required),Inpatient - Priority,-,-,-,(BHI local policy - reference required),-,-,var(--inpatient-priority)
106,LV Thrombus,Embolic event with known LV dysfunction (contrast for LV opacification likely required),Outpatient,Urgent (<2 weeks),5,5,2024 BSE Poster - Outpatient Triage,-,-,var(--outpatient)
107,LV Thrombus,Where echo will not help guide treatment (e.g. already fully anticoagulated for other reason),Not Indicated,-,-,-,2024 BSE Poster - Outpatient Triage,-,-,var(--reject)
108,Mitral Regurgitation,Mild MR - normal valve anatomy,Not Indicated,-,-,-,2024 BSE Poster - Valve Disease,-,-,var(--reject)
109,Mitral Regurgitation,Mild MR - abnormal valve (prolapse rheumatic other leaflet pathology),CDC,3-5 years,8,1,2024 BSE Poster - Valve Disease,-,-,var(--cdc)
110,Mitral Regurgitation,Mod MR - asymptomatic,Outpatient,12-24 months,1,1,2024 BSE Poster - Valve Disease,-,-,var(--outpatient)
111,Mitral Regurgitation,Sev MR - asymptomatic,Outpatient,6 months,1,1,2024 BSE Poster - Valve Disease,-,-,var(--outpatient)
112,Mitral Regurgitation,Any MR - LV dilatation and/or EF<60%,Escalate,Cardiology Review,-,-,2024 BSE Poster - Valve Disease,-,-,var(--escalate)
113,Mitral Regurgitation,Any MR - ePASP >50mmHg and/or RV impairment,Escalate,Cardiology Review,-,-,2024 BSE Poster - Valve Disease,-,-,var(--escalate)
114,Mitral Regurgitation,Any MR - New atrial fibrillation,Escalate,Cardiology Review,-,-,2024 BSE Poster - Valve Disease,-,-,var(--escalate)
115,Mitral Regurgitation,Any MR - LA volume (indexed) > 60ml/m2,Escalate,Cardiology Review,-,-,(BHI local policy - reference required),-,-,var(--escalate)
116,Mitral Stenosis,Mild MS - normal valve anatomy (thickened/calcified only),Outpatient,3-5 years,1,1,2024 BSE Poster - Valve Disease,-,-,var(--outpatient)
117,Mitral Stenosis,Mild MS - abnormal valve (rheumatic parachute congenital etc),Outpatient,3-5 years (but may vary),1,1,2024 BSE Poster - Valve Disease,-,-,var(--outpatient)
118,Mitral Stenosis,Mod MS - asymptomatic,Outpatient,12-24 months,1,1,2024 BSE Poster - Valve Disease,-,-,var(--outpatient)
119,Mitral Stenosis,Sev MS - asymptomatic,Outpatient,6-12 months,1,1,2024 BSE Poster - Valve Disease,-,-,var(--outpatient)
120,Mitral Stenosis,Any MS - ePASP >50mmHg and/or RV impairment,Escalate,Cardiology Review,-,-,2024 BSE Poster - Valve Disease,-,-,var(--escalate)
121,Mitral Stenosis,Any MS - New atrial fibrillation,Escalate,Cardiology Review,-,-,2024 BSE Poster - Valve Disease,-,-,var(--escalate)
122,Mitral Stenosis,Any MS - TIA/stroke and/or dense spontaneous contrast in LV,Escalate,Cardiology Review,-,-,2024 BSE Poster - Valve Disease,-,-,var(--escalate)
123,Mitral Valve Repair,TEER - Post-procedure baseline (pre-discharge),Inpatient - Priority,-,-,-,BHI Inpatient Guidance Document,-,-,var(--inpatient-priority)
124,Mitral Valve Repair,TEER - Mild residual MR (or less) on initial scan,Outpatient,12 months,1,1,2024 BSE Poster - Valve Disease,-,-,var(--outpatient)
125,Mitral Valve Repair,TEER - Moderate residual MR on initial scan,Outpatient,12-24 months,1,1,2024 BSE Poster - Valve Disease,-,-,var(--outpatient)
126,Mitral Valve Repair,TEER - Severe residual MR on initial scan,Outpatient,6 months,1,1,2024 BSE Poster - Valve Disease,-,-,var(--outpatient)
127,Mitral Valve Repair,Surgical MV Repair - Post-operative baseline (post-discharge),Outpatient,6-8 weeks,1,1,2024 BSE Poster - Valve Disease,-,-,var(--outpatient)
128,Mitral Valve Repair,Surgical MV Repair - First surveillance scan,Outpatient,12 months,1,1,2024 BSE Poster - Valve Disease,-,-,var(--outpatient)
129,Mitral Valve Repair,Surgical MV Repair - Mild residual MR or less on most recent scan,CDC,2-3 years,8,1,2024 BSE Poster - Valve Disease,-,-,var(--cdc)
130,Mitral Valve Repair,Surgical MV Repair - Moderate residual MR on most recent scan,Outpatient,12-24 months,1,1,2024 BSE Poster - Valve Disease,-,-,var(--outpatient)
131,Mitral Valve Repair,Surgical MV Repair - Severe residual MR on most recent scan,Outpatient,6 months,1,1,2024 BSE Poster - Valve Disease,-,-,var(--outpatient)
132,Mitral Valve Repair,Any MV Repair - LV dilatation and/or EF<60%,Escalate,Cardiology Review,-,-,2024 BSE Poster - Valve Disease,-,-,var(--escalate)
133,Mitral Valve Repair,Any MV Repair - ePASP >50mmHg and/or RV impairment,Escalate,Cardiology Review,-,-,2024 BSE Poster - Valve Disease,-,-,var(--escalate)
134,Mitral Valve Repair,Any MV Repair - New atrial fibrillation,Escalate,Cardiology Review,-,-,2024 BSE Poster - Valve Disease,-,-,var(--escalate)
135,Mitral Valve Replacement,Any MVR - post-op baseline (post-discharge),Outpatient,6-8 weeks,1,1,2024 BSE Poster - Valve Disease,-,-,var(--outpatient)
136,Mitral Valve Replacement,Tissue MVR - proven valve type Age <60yrs,Outpatient,12 months (after 5 years),1,1,2024 BSE Poster - Valve Disease,-,-,var(--outpatient)
137,Mitral Valve Replacement,Mechanical MVR - surveillance (not routinely required),Not Indicated,-,-,-,2024 BSE Poster - Valve Disease,-,-,var(--reject)
138,Mitral Valve Replacement,Any MVR - LV dilatation and/or EF<60%,Escalate,Cardiology Review,-,-,2024 BSE Poster - Valve Disease,-,-,var(--escalate)
139,Mitral Valve Replacement,Any MVR - ePASP >50mmHg and/or RV impairment,Escalate,Cardiology Review,-,-,2024 BSE Poster - Valve Disease,-,-,var(--escalate)
140,Mitral Valve Replacement,Any MVR - New atrial fibrillation,Escalate,Cardiology Review,-,-,2024 BSE Poster - Valve Disease,-,-,var(--escalate)
141,Murmur,Not previously investigated cardiac or respiratory symptoms,CDC,Routine,8,1,2024 BSE Poster - Outpatient Triage,-,-,var(--cdc)
142,Murmur,Not previously investigated asymptomatic but with other features suggestive of structural heart disease,CDC,Routine,8,1,2024 BSE Poster - Outpatient Triage,-,-,var(--cdc)
143,Murmur,Known valve disease (please see specific valve lesion guidance),(see Valve advice),-,-,-,(BHI local policy - reference required),-,-,var(--none)
144,Murmur,Not previously investigated - other more pressing reason for echo,(see relevant advice),-,-,-,(BHI local policy - reference required),-,-,var(--none)
145,Murmur,Recent MI nothing previously documented (? Ischaemic MR),Inpatient - Priority,-,-,-,2024 BSE Poster - Inpatients,-,-,var(--inpatient-priority)
146,Murmur,Inpatient: symptomatic and/or other relevant examination findings - no previous echo,Inpatient - Routine,-,-,-,(BHI local policy - reference required),-,-,var(--inpatient-routine)
147,Murmur,Previously normal echo - unchanged murmur asymptomatic,Not Indicated,-,-,-,2024 BSE Poster - Outpatient Triage,-,-,var(--reject)
148,Oncology,Periodic repeat assessment whilst on high cardiac risk medication (e.g. anthracyclines herceptin),Outpatient,(as requested),-,-,(BHI local policy - reference required),-,-,var(--outpatient)
149,Oncology,Initial scan prior to initiation of high cardiac risk medication (e.g. anthracyclines herceptin),Outpatient,Urgent (<2 weeks),7,5,(BHI local policy - reference required),-,-,var(--outpatient)
150,Oncology,Routine screening - Previous high-dose chest-directed radiotherapy alone (>30Gy),CDC,24 months,8,1,IGHG Cardiomyopathy Surveillance 2022,-,-,var(--cdc)
151,Oncology,Routine screening - Previous high-dose anthracyclines (>250mg/m2) and/or mitoxantrone,CDC,24 months,8,1,IGHG Cardiomyopathy Surveillance 2022,-,-,var(--cdc)
152,Oncology,Routine screening - Previous moderate-dose anthracyclines (>100mg/m2) and moderate-dose chest radiotherapy (>15Gy),CDC,24 months,8,1,IGHG Cardiomyopathy Surveillance 2022,-,-,var(--cdc)
153,Oncology,Routine screening - Previous moderate-dose chest-directed radiotherapy alone (15-30Gy),CDC,5 years,8,1,IGHG Cardiomyopathy Surveillance 2022,-,-,var(--cdc)
154,Oncology,Routine screening - Previous moderate-dose anthracyclines (100-250mg/m2),CDC,5 years,8,1,IGHG Cardiomyopathy Surveillance 2022,-,-,var(--cdc)
155,Oncology,Routine screening - Previous low-dose anthracyclines (<100mg/m2) or low-dose chest radiotherapy (<15Gy),CDC,5 years,8,1,IGHG Cardiomyopathy Surveillance 2022,-,-,var(--cdc)
156,Oncology,Pregnancy with previous anthracycline or chest-directed radiotherapy (any dose),Outpatient,First trimester,-,-,IGHG Cardiomyopathy Surveillance 2022,-,-,var(--outpatient)
157,Oncology,Pregnancy with previous LVSD secondary to anthracycline or chest-directed radiotherapy (any dose),Outpatient,(as requested),-,-,IGHG Cardiomyopathy Surveillance 2022,-,-,var(--outpatient)
158,Pacemaker,Consideration for CRT device need to define EF (? <40%),Outpatient,Routine,1,1,(BHI local policy - reference required),-,-,var(--outpatient)
159,Pericardial Effusion,Suspected cardiac tamponade or pyopericardium,Escalate,Emergency (Cardio Reg),-,-,2024 BSE Poster - Inpatients,-,-,var(--emergency)
160,Pericardial Effusion,Re-assessment after drainage or after at least 1 week of medical therpay,Inpatient - Priority,-,-,-,(BHI local policy - reference required),-,-,var(--inpatient-priority)
161,Pericardial Effusion,Suspected effusion significant systemic disease (heart failure cancer / oncology renal failure etc),Inpatient - Priority,-,-,-,(BHI local policy - reference required),-,-,var(--inpatient-priority)
162,Pericardial Effusion,Suspected effusion recent discharge after cardiac surgery (chest pain breathlessness oedema leg swelling etc),Outpatient,Urgent (<2 weeks),5,5,(BHI local policy - reference required),-,-,var(--outpatient)
163,Pericardial Effusion,Known moderate or large effusion periodic reassessment (with or without change in clinical status),Outpatient,(as requested),-,-,2024 BSE Poster - Inpatients,-,-,var(--outpatient)
164,Pericardial Effusion,Known small effusion with recent change in clinical status,Outpatient,Routine,1,1,2024 BSE Poster - Inpatients,-,-,var(--outpatient)
165,Pericardial Effusion,Suspected constrictive cardiomyopathy,Outpatient,Routine,1,1,2024 BSE Poster - Inpatients,-,-,var(--outpatient)
166,Pericardial Effusion,Known small effusion no change in clinical status,Not Indicated,-,-,-,2024 BSE Poster - Inpatients,-,-,var(--reject)
167,Pericardial Effusion,Small effuision on other imaging - without concerning signs or symptoms (no suspicion of tamponade),Not Indicated,-,-,-,2024 BSE Poster - Inpatients,-,-,var(--reject)
168,Pericarditis,Suspected pericarditis (chest pain ECG bloods imaging rub) - with haemodynamic compromise,Inpatient - Priority,-,-,-,BHI SOP - Pericarditis,-,-,var(--inpatient-priority)
169,Pericarditis,Suspected pericarditis (chest pain ECG bloods imaging rub) - without haemodynamic compromise,Outpatient,Routine,1,1,BHI SOP - Pericarditis,-,-,var(--outpatient)
170,Pericarditis,Pericarditic chest pain only - no additional findings and no haemodynamic compromise,Not Indicated,-,-,-,BHI SOP - Pericarditis,-,-,var(--reject)
171,Post-op,Surgical valve repair or replacement (see specific valve advice),(search for valve type),-,-,-,(BHI local policy - reference required),-,-,var(--none)
172,Post-op,Any cardiac surgery with speicifc concers after eventful operation,Inpatient - Priority,-,-,-,(BHI local policy - reference required),-,-,var(--inpatient-priority)
173,Post-op,ASD closure device (pre-discharge),Inpatient - Priority,-,-,-,(BHI local policy - reference required),-,-,var(--inpatient-priority)
174,Post-op,Non-valve surgery (e.g. CABG) without eventful operation or specific concerns (routine post-op request),Not Indicated,-,-,-,(BHI local policy - reference required),-,-,var(--reject)
175,Pre-op (Cardiac Surgery),Any planned cardiac surgery (echo required within 6 months of planned operation date),Specific slots,DOSA (x4 daily),-,-,(BHI local policy - reference required),-,-,var(--specific)
176,Pre-op (Non-Cardiac Surgery),Major thoracic surgery (pneumectomy / lobectomy): no previous/recent echo,Specific slots,Pre-op (x1 daily),-,-,SOP - Pre-operative Echo,-,-,var(--specific)
177,Pre-op (Non-Cardiac Surgery),High surgical risk: impaired functional capacity (MET<4) and abnormal findings (ECG BNP exam),Specific slots,Pre-op (x1 daily),-,-,SOP - Pre-operative Echo,-,-,var(--specific)
178,Pre-op (Non-Cardiac Surgery),High surgical risk: ECG suggestive of LV dysfunction (LBBB LVH with strain Q waves) - no previous/recent echo,Specific slots,Pre-op (x1 daily),-,-,2024 BSE Poster - Outpatient Triage,-,-,var(--specific)
179,Pre-op (Non-Cardiac Surgery),High surgical risk: new murmur suggestive of AS or MR,Specific slots,Pre-op (x1 daily),-,-,SOP - Pre-operative Echo,-,-,var(--specific)
180,Pre-op (Non-Cardiac Surgery),New murmur suggestive of AS or MR - with signs and/or symptoms,Specific slots,Pre-op (x1 daily),-,-,SOP - Pre-operative Echo,-,-,var(--specific)
181,Pre-op (Non-Cardiac Surgery),Known AS with overdue follow-up (see Aortic Stenosis),Specific slots,Pre-op (x1 daily),-,-,SOP - Pre-operative Echo,-,-,var(--specific)
182,Pre-op (Non-Cardiac Surgery),Known Heart Failure (severe LVSD) - no echo within 6 months,Specific slots,Pre-op (x1 daily),-,-,SOP - Pre-operative Echo,-,-,var(--specific)
183,Pre-op (Non-Cardiac Surgery),Suspected Heart Failure (see Heart Failure guidance),Specific slots,Pre-op (x1 daily),-,-,SOP - Pre-operative Echo,-,-,var(--specific)
184,Pre-op (Non-Cardiac Surgery),High suspicion of PHT - with convincing clinical findings/reason,Specific slots,Pre-op (x1 daily),-,-,SOP - Pre-operative Echo,-,-,var(--specific)
185,Pre-op (Non-Cardiac Surgery),Known valve disease or mild/moderate LV dysfunction - without clinical change since last echo,Not Indicated,-,-,-,2024 BSE Poster - Outpatient Triage,-,-,var(--reject)
186,Pre-op (Non-Cardiac Surgery),Known arrhythmia (e.g. atrial fibrillation) - without evidence of heart failure or murmur,Not Indicated,-,-,-,2024 BSE Poster - Outpatient Triage,-,-,var(--reject)
187,Pre-op (Non-Cardiac Surgery),Routine non-targeted with no symptoms or signs of cardiovascular pathology,Not Indicated,-,-,-,SOP - Pre-operative Echo,-,-,var(--reject)
188,Pre-op (Non-Cardiac Surgery),Murmur asymptomatic age <60 and for low risk surgery,Not Indicated,-,-,-,SOP - Pre-operative Echo,-,-,var(--reject)
189,Pulmonary Disease,High suspicion of pulmonary hypertentsion (high burden PE other lung disease) - treatment dependent on echo findings,Inpatient - Routine,-,-,-,(BHI local policy - reference required),-,-,var(--inpatient-routine)
190,Pulmonary Disease,PE with supected RV impairement and/or high suspicion of developing PHT,Outpatient,Routine,1,1,2024 BSE Poster - Outpatient Triage,-,-,var(--outpatient)
191,Pulmonary Disease,Persistent or positional oxygen desaturation (bubble-contrast echo to evaluate for a right to left shunt),Outpatient,Routine,1,1,2024 BSE Poster - Outpatient Triage,-,-,var(--outpatient)
192,Pulmonary Disease,Follow-up assessment for PHT - high probability (high burden PE abnormal CTEPH etc),Outpatient,3 months,1,1,2024 BSE Poster - Outpatient Triage,-,-,var(--outpatient)
193,Pulmonary Disease,Lung disease with suspected heart failure (see Heart Failure guidance),(see Heart Failure),-,-,-,2024 BSE Poster - Outpatient Triage,-,-,var(--none)
194,Pulmonary Disease,Repeat assessment for PHT - low probability no risk factors for PHT or normal CTEPH,Not Indicated,-,-,-,2024 BSE Poster - Outpatient Triage,-,-,var(--reject)
195,Pulmonary Disease,Routine assessment for RV strain - low burden of PE and/or no findigns suggestive of heart failure,Not Indicated,-,-,-,(BHI local policy - reference required),-,-,var(--reject)
196,Pulmonary Regurgitation,Mild PR - normal valve,Not Indicated,-,-,-,2024 BSE Poster - Valve Disease,-,-,var(--reject)
197,Pulmonary Regurgitation,Mod PR - asymptomatic (abnormal valve RV impairement/dilatation dilated pulmonary artery or previous valvuloplasty),Outpatient,12-24 months,1,1,2024 BSE Poster - Valve Disease,-,-,var(--outpatient)
198,Pulmonary Regurgitation,Sev PR - asymptomatic,Outpatient,12 months,1,1,2024 BSE Poster - Valve Disease,-,-,var(--outpatient)
199,Pulmonary Regurgitation,Any PR - ePASP >50mmHg and/or RV impairment,Escalate,Cardiology Review,-,-,2024 BSE Poster - Valve Disease,-,-,var(--escalate)
200,Pulmonary Regurgitation,Any PR - Symptoms (syncope chest pain breathlesness pnd oedema etc),Escalate,Cardiology Review,-,-,2024 BSE Poster - Valve Disease,-,-,var(--escalate)
201,Pulmonary Stenosis,Mild PS (likely congenitally abnormal valve),Outpatient,3-5 years,1,1,2024 BSE Poster - Valve Disease,-,-,var(--outpatient)
202,Pulmonary Stenosis,Mod PS - asymptomatic (likely congenitally abnormal valve),Outpatient,12-24 months,1,1,2024 BSE Poster - Valve Disease,-,-,var(--outpatient)
203,Pulmonary Stenosis,Sev PS - asymptomatic,Outpatient,12 months,1,1,2024 BSE Poster - Valve Disease,-,-,var(--outpatient)
204,Pulmonary Stenosis,Any PS - ePASP >50mmHg and/or RV impairment,Escalate,Cardiology Review,-,-,2024 BSE Poster - Valve Disease,-,-,var(--escalate)
205,Pulmonary Stenosis,Any PS - Symptoms (syncope chest pain breathlesness pnd oedema etc),Escalate,Cardiology Review,-,-,2024 BSE Poster - Valve Disease,-,-,var(--escalate)
206,SDEC,Any request that would otherwise warrant inpatient echo (search for pathology/clinical question),Specific slots,SDEC (2x daily),-,-,(BHI local policy - reference required),-,-,var(--specific)
207,SDEC,Any request that would not normally warrant inpatient echo (search for pathology/clinical question),Not Indicated,-,-,-,(BHI local policy - reference required),-,-,var(--reject)
208,Syncope,Inpatient: Syncope with exercise or documented VT/VF,Inpatient - Priority,-,-,-,(BHI local policy - reference required),-,-,var(--inpatient-priority)
209,Syncope,Inpatient: Syncope with known Moderate or Severe valve lesion - no recent echo (within 12 months),Inpatient - Routine,-,-,-,(BHI local policy - reference required),-,-,var(--inpatient-routine)
210,Syncope,Inpatient: Syncope with uninvestigated murmur or 1st degree relative with ICC,Inpatient - Routine,-,-,-,(BHI local policy - reference required),-,-,var(--inpatient-routine)
211,Syncope,Outpatient: Syncope with exercise or documented VT/VF,Outpatient,Urgent (<2 weeks),5,5,2024 BSE Poster - Outpatient Triage,-,-,var(--outpatient)
212,Syncope / Palpitations,Syncope or palpitations with known mild Aortic or Mitral valve lesion - no echo in 12 months,Outpatient,Routine,1,1,(BHI local policy - reference required),-,-,var(--outpatient)
213,Syncope / Palpitations,Syncope or palpitations with uninvestigated murmur or 1st degree relative with ICC,CDC,Routine,8,1,2024 BSE Poster - Outpatient Triage,-,-,var(--cdc)
214,Syncope / Palpitations,Syncope or palpitations with low-risk ECG changes (e.g. LVH LBBB etc),CDC,Routine,8,1,(BHI local policy - reference required),-,-,var(--cdc)
215,Syncope / Palpitations,No ECG proof of arrhythmia or clinical findings suggestive of structural heart disease,Not Indicated,-,-,-,2024 BSE Poster - Outpatient Triage,-,-,var(--reject)
216,Syncope / Palpitations,No murmur no 1st degree relative with ICC - no significant ECG Changes (RBBB etc),Not Indicated,-,-,-,2024 BSE Poster - Outpatient Triage,-,-,var(--reject)
217,Syncope / Palpitations,Suspected vasovagal hypotensive postural or situational cause - no significant ECG Changes (RBBB etc),Not Indicated,-,-,-,2024 BSE Poster - Outpatient Triage,-,-,var(--reject)
218,Syncope / Palpitations,Kown severe AS with existing plan for no further intervention,Not Indicated,-,-,-,BHI Inaptient Triage Sheet,-,-,var(--reject)
219,Tricuspid Regurgitation,Mild TR - normal valve anatomy and normal RV size/function,Not Indicated,-,-,-,2024 BSE Poster - Valve Disease,-,-,var(--reject)
220,Tricuspid Regurgitation,Mild TR - abnormal valve and/or impaired/dilated RV,Outpatient,3-5 years,1,1,2024 BSE Poster - Valve Disease,-,-,var(--outpatient)
221,Tricuspid Regurgitation,Mod TR - asymptomatic,Outpatient,12-24 months,1,1,2024 BSE Poster - Valve Disease,-,-,var(--outpatient)
222,Tricuspid Regurgitation,Sev TR - asymptomatic,Outpatient,6-12 months,1,1,2024 BSE Poster - Valve Disease,-,-,var(--outpatient)
223,Tricuspid Regurgitation,Any TR - Symptoms (syncope chest pain breathlesness pnd oedema etc),Escalate,Cardiology Review,-,-,2024 BSE Poster - Valve Disease,-,-,var(--escalate)
224,Tricuspid Regurgitation,Any TR - ePASP >50mmHg and/or RV impairment,Escalate,Cardiology Review,-,-,2024 BSE Poster - Valve Disease,-,-,var(--escalate)
225,Tricuspid Valve Repair,Any TV Repair - Post-procedure baseline (pre-discharge),Inpatient - Priority,-,-,-,(BHI local policy - reference required),-,-,var(--inpatient-priority)
225,Tricuspid Valve Repair,Any TV Repair - continued follow-up,Outpatient,(as requested),-,-,(BHI local policy - reference required),-,-,var(--outpatient)
226,Tricuspid Valve Repair,Any TV Repair - Symptoms (syncope chest pain breathlesness pnd oedema etc),Escalate,Cardiology Review,-,-,2024 BSE Poster - Valve Disease,-,-,var(--escalate)
227,Tricuspid Valve Repair,Any TV Repair - ePASP >50mmHg and/or RV impairment,Escalate,Cardiology Review,-,-,2024 BSE Poster - Valve Disease,-,-,var(--escalate)